<?xml version="1.0" encoding="utf-8"?><pluginstrument><aircraft>Cessna 172</aircraft><type>G1000 for VR</type><uuid>fa15ad24-52f1-463c-3bb4-da3930abb2ab</uuid><author></author><description></description><compatibleFSX>false</compatibleFSX><compatibleP3D>false</compatibleP3D><compatibleXPL>false</compatibleXPL><compatibleFS2>false</compatibleFS2><compatibleFS2020>false</compatibleFS2020><compatibleFS2024>true</compatibleFS2024><version>1</version><configVersion>0</configVersion><pluginInterfaceVersion>100</pluginInterfaceVersion><prefWidth>2880</prefWidth><prefHeight>1870</prefHeight><source>UNKNOWN</source><platforms><platform>WINDOWS</platform><platform>MAC</platform><platform>LINUX</platform><platform>RASPBERRY_PI</platform><platform>ANDROID</platform><platform>IPAD</platform><platform>ESP32</platform><platform>ARDUINO</platform></platforms><tiers><tier>HOME_USE_STANDARD</tier></tiers></pluginstrument>